dataset,table,task,algorithm,model_id,num_rows,num_features,r2,rmse,mae,fit_time,score_time
sunroof_solar,solar_potential_by_postal_code,regression,xgboost,1,11516,29,0.9963901042938232,4252.671630869235,2258.740966796875,0.09847503155469894,0.0007548850262537599
sunroof_solar,solar_potential_by_postal_code,regression,ada_boost,2,11516,29,0.9663148522377014,13769.177172220569,10288.24609375,3.068129301071167,0.010535036213696003
sunroof_solar,solar_potential_by_postal_code,regression,xgboost,11,11516,29,0.982725203037262,17241.893167514987,2467.07763671875,0.07105720788240433,0.000709600979462266
sunroof_solar,solar_potential_by_postal_code,regression,catboost,3,11516,29,0.99704509973526,3907.2027078205197,1324.792724609375,2.0626683235168457,0.010795422829687595
sunroof_solar,solar_potential_by_postal_code,regression,random_forest,4,11516,29,0.9990061521530151,2376.740204565909,1098.8067626953125,19.788833618164062,0.034028466790914536
sunroof_solar,solar_potential_by_postal_code,regression,svm,16,11516,29,-0.019401192665100098,,20475.1484375,3.8040244579315186,0.5887596011161804
sunroof_solar,solar_potential_by_postal_code,regression,bagging,5,11516,29,0.997803270816803,3384.53600955877,1303.437744140625,2.135474443435669,0.0066816299222409725
sunroof_solar,solar_potential_by_postal_code,regression,ada_boost,12,11516,29,0.8573911786079407,60366.878335723144,15840.45703125,0.9472883343696594,0.00761407520622015
sunroof_solar,solar_potential_by_postal_code,regression,svm,6,11516,29,-0.0823516845703125,78053.05108706513,52744.41796875,4.155595779418945,0.5959205031394958
sunroof_solar,solar_potential_by_postal_code,regression,elastic_net,7,11516,29,0.9991312623023987,2105.3727698438584,1257.1387939453125,1.0592297315597534,0.012082554399967194
sunroof_solar,solar_potential_by_postal_code,regression,bayesian_ridge,8,11516,29,1.0,0.07782485945624115,0.04191865026950836,0.18053415417671204,0.003912268206477165
sunroof_solar,solar_potential_by_postal_code,regression,catboost,13,11516,29,0.9981022477149963,2742.1641088745946,781.027099609375,1.9087426662445068,0.010903938673436642
sunroof_solar,solar_potential_by_postal_code,regression,linear,9,11516,29,1.0,0.09980677697668867,0.06807711720466614,0.0023520321119576693,0.008940721862018108
sunroof_solar,solar_potential_by_postal_code,regression,xgboost,21,11516,29,0.9960898756980896,,1049547.5,0.0933319702744484,0.0007465609814971685
sunroof_solar,solar_potential_by_postal_code,regression,stochastic_gradient_descent,10,11516,29,,,,0.12087369710206985,0.002196886111050844
sunroof_solar,solar_potential_by_postal_code,regression,elastic_net,17,11516,29,0.9913558959960938,7694.9518517012175,2528.373779296875,0.9508764147758484,0.035710446536540985
sunroof_solar,solar_potential_by_postal_code,regression,random_forest,14,11516,29,0.8444113731384277,76147.56537145491,2965.084716796875,25.337989807128906,0.03561001643538475
sunroof_solar,solar_potential_by_postal_code,regression,bagging,15,11516,29,0.9937871694564819,5718.073976436472,1036.6490478515625,2.657951831817627,0.007829113863408566
sunroof_solar,solar_potential_by_postal_code,regression,stochastic_gradient_descent,20,11516,29,,,,0.10560861229896545,0.0021849588956683874
sunroof_solar,solar_potential_by_postal_code,regression,bayesian_ridge,18,11516,29,0.9934642910957336,8456.084200148434,2486.6728515625,0.09159845858812332,0.015082989819347858
sunroof_solar,solar_potential_by_postal_code,regression,linear,19,11516,29,0.9882091283798218,14726.105255633616,3129.443603515625,0.002269196091219783,0.008511094376444817
sunroof_solar,solar_potential_by_postal_code,regression,ada_boost,22,11516,29,0.9663860201835632,,4642377.0,1.7834668159484863,0.010356645099818707
sunroof_solar,solar_potential_by_postal_code,regression,catboost,23,11516,29,0.9977726340293884,,588382.8125,1.8852989673614502,0.009526770561933517
sunroof_solar,solar_potential_by_postal_code,regression,random_forest,24,11516,29,0.9972215890884399,,545426.6875,20.155838012695312,0.04484180733561516
sunroof_solar,solar_potential_by_postal_code,regression,bagging,25,11516,29,0.994677722454071,,719650.875,2.1648879051208496,0.0064675952307879925
sunroof_solar,solar_potential_by_postal_code,regression,bagging,35,11516,29,0.9983125329017639,3463.9530885968998,1656.0128173828125,2.1413235664367676,0.00638124393299222
sunroof_solar,solar_potential_by_postal_code,regression,svm,26,11516,29,-0.09481728076934814,,21771048.0,4.16309118270874,0.5950082540512085
sunroof_solar,solar_potential_by_postal_code,regression,elastic_net,27,11516,29,0.9991482496261597,,581327.0625,0.9394509196281433,0.011856433935463428
sunroof_solar,solar_potential_by_postal_code,regression,bayesian_ridge,28,11516,29,1.0,13.026730565591492,9.640522956848145,0.1481504887342453,0.0042808582074940205
sunroof_solar,solar_potential_by_postal_code,regression,svm,36,11516,29,-0.045980095863342285,88210.07942406581,63610.578125,4.1286301612854,0.5892605185508728
sunroof_solar,solar_potential_by_postal_code,regression,linear,29,11516,29,1.0,150.38189666229775,114.00057220458984,0.0022487530950456858,0.0013595339842140675
sunroof_solar,solar_potential_by_postal_code,regression,stochastic_gradient_descent,30,11516,29,,,,0.10511118918657303,0.0021942290477454662
sunroof_solar,solar_potential_by_postal_code,regression,xgboost,31,11516,29,0.9866555333137512,10271.522964001006,3334.436279296875,0.09559445083141327,0.0007602049736306071
sunroof_solar,solar_potential_by_postal_code,regression,elastic_net,37,11516,29,0.9988577365875244,3167.5978280078425,1814.8485107421875,0.9232762455940247,0.011934872716665268
sunroof_solar,solar_potential_by_postal_code,regression,ada_boost,32,11516,29,0.9661915302276611,15159.145094628522,12097.2705078125,1.8349623680114746,0.010269897058606148
sunroof_solar,solar_potential_by_postal_code,regression,catboost,33,11516,29,0.9975893497467041,4592.91127717486,1820.0540771484375,1.879854679107666,0.009806484915316105
noaa_tsunami,historical_runups,regression,xgboost,41,28295,30,0.8424208164215088,1642.5187213544934,842.0523681640625,0.08451765030622482,0.0015108529478311539
sunroof_solar,solar_potential_by_postal_code,regression,random_forest,34,11516,29,0.9978017807006836,4154.427517721305,1585.5089111328125,19.719223022460938,0.04528041556477547
sunroof_solar,solar_potential_by_postal_code,regression,bayesian_ridge,38,11516,29,1.0,0.04147356270479203,0.02560354582965374,0.14184580743312836,0.004128273110836744
noaa_tsunami,historical_runups,regression,bagging,45,28295,30,0.9310747385025024,1090.1474670887421,310.0282287597656,1.6999224424362183,0.01447770930826664
sunroof_solar,solar_potential_by_postal_code,regression,linear,39,11516,29,1.0,0.06486799995995993,0.039269283413887024,0.002233878942206502,0.008509372361004353
noaa_tsunami,historical_runups,regression,random_forest,44,28295,30,0.9055450558662415,1294.327866114301,329.9543762207031,15.390894889831543,0.08064687252044678
sunroof_solar,solar_potential_by_postal_code,regression,stochastic_gradient_descent,40,11516,29,,,,0.11273171752691269,0.002229739911854267
noaa_tsunami,historical_runups,regression,ada_boost,42,28295,30,0.373244047164917,3235.3489765402433,2395.781982421875,0.41388916969299316,0.006807698868215084
noaa_tsunami,historical_runups,regression,catboost,43,28295,30,0.9249662160873413,1116.090554121842,520.6858520507812,2.3451526165008545,0.023120220750570297
noaa_tsunami,historical_runups,regression,svm,46,28295,30,-0.24347305297851562,4570.0317285550655,2162.516845703125,26.801467895507812,3.664369821548462
noaa_tsunami,historical_runups,regression,elastic_net,47,28295,30,0.2787895202636719,3438.6956829588744,2257.43310546875,0.09016716480255127,0.016312943771481514
noaa_tsunami,historical_runups,regression,bayesian_ridge,48,28295,30,0.27753275632858276,3468.9391750216664,2230.359130859375,0.1875390261411667,0.009882858023047447
noaa_tsunami,historical_runups,regression,linear,49,28295,30,0.2632753849029541,3414.9489015210756,2204.887451171875,0.012006985954940319,0.008951676078140736
noaa_tsunami,historical_runups,regression,stochastic_gradient_descent,50,28295,30,-8.146949756382355e+23,,,0.09246540814638138,0.006165372207760811
noaa_tsunami,historical_runups,regression,stochastic_gradient_descent,60,28295,30,-1.048617299337869e+31,,,0.07309970259666443,0.004759746138006449
noaa_tsunami,historical_runups,regression,xgboost,51,28295,30,0.37407785654067993,4.943576598472096,1.4388595819473267,0.08450866490602493,0.002038232982158661
noaa_tsunami,historical_runups,regression,ada_boost,52,28295,30,-1.4446907043457031,9.62186688047725,6.3132758140563965,1.1233396530151367,0.011121995747089386
thelook_ecommerce,orders,regression,bagging,65,124990,2,-38532584308736.0,0.5552345050228166,0.554740309715271,0.1065392717719078,0.005009450018405914
noaa_tsunami,historical_runups,regression,catboost,53,28295,30,0.3627426028251648,5.751618530696924,1.391282081604004,2.354001998901367,0.0230710469186306
thelook_ecommerce,orders,regression,xgboost,61,124990,2,-34829628342272.0,0.5278819128528274,0.5273420810699463,0.056052111089229584,0.0010771550005301833
noaa_tsunami,historical_runups,regression,random_forest,54,28295,30,0.26889145374298096,4.772423669315557,1.0502290725708008,26.42205810546875,0.042029980570077896
noaa_tsunami,historical_runups,regression,bagging,55,28295,30,0.10699617862701416,6.224235530623325,1.2819150686264038,2.661222219467163,0.010194335132837296
noaa_tsunami,historical_runups,regression,svm,56,28295,30,-0.0014740228652954102,5.489106921877609,0.9249320030212402,3.1497113704681396,0.37987443804740906
thelook_ecommerce,orders,regression,ada_boost,62,124990,2,-68619119624192.0,0.7409432270757046,0.7404597997665405,0.19264917075634003,0.005041304975748062
noaa_tsunami,historical_runups,regression,elastic_net,57,28295,30,0.06270331144332886,6.5188878806464725,1.482845425605774,0.0722028836607933,0.02261832356452942
noaa_tsunami,historical_runups,regression,bayesian_ridge,58,28295,30,0.06666743755340576,5.677370209984611,1.4001414775848389,0.15551230311393738,0.008816751651465893
thelook_ecommerce,orders,regression,bayesian_ridge,68,124990,2,-34692237623296.0,0.5268397430533641,0.52667236328125,0.02495962753891945,0.003844660008326173
noaa_tsunami,historical_runups,regression,linear,59,28295,30,0.08520781993865967,6.4429188855571615,1.531046748161316,0.011664628982543945,0.0009335540235042572
thelook_ecommerce,orders,regression,svm,66,124990,2,-1249921073152.0,0.10000084172580043,0.10000021010637283,380.5222473144531,24.25772476196289
thelook_ecommerce,orders,regression,catboost,63,124990,2,-38884616437760.0,0.5577650258354151,0.5572217106819153,3.1026041507720947,0.013656663708388805
thelook_ecommerce,orders,regression,random_forest,64,124990,2,-38962093621248.0,0.5583204120829929,0.5577431321144104,0.8799332976341248,0.023656679317355156
thelook_ecommerce,orders,regression,stochastic_gradient_descent,70,124990,2,-30161602871296.0,0.49123531152154304,0.49115893244743347,0.07945960015058517,0.0035223818849772215
thelook_ecommerce,orders,regression,elastic_net,67,124990,2,-31150900772864.0,0.4992265530545036,0.499221533536911,0.027505047619342804,0.024233335629105568
thelook_ecommerce,orders,regression,linear,69,124990,2,-31729314168832.0,0.5038400650916507,0.5037292838096619,0.0009475440019741654,0.00854218564927578
sdoh_bea_cainc30,fips,regression,xgboost,71,22386,31,-1.1632866859436035,,13339.1337890625,0.15028882026672363,0.0015219870256260037
sdoh_bea_cainc30,fips,regression,ada_boost,72,22386,31,0.9417672157287598,,77208.3359375,2.928614616394043,0.013921662233769894
sdoh_bea_cainc30,fips,regression,catboost,73,22386,31,0.579619288444519,,14155.7177734375,2.2442102432250977,0.020217284560203552
sdoh_bea_cainc30,fips,regression,random_forest,74,22386,31,0.9719286561012268,49972.2726319306,2728.25537109375,65.21858978271484,0.06601765751838684
sdoh_bea_cainc30,fips,regression,random_forest,84,22386,31,0.9632025361061096,,25929.283203125,69.74691009521484,0.08800844848155975
sdoh_bea_cainc30,fips,regression,bagging,75,22386,31,0.9951783418655396,22108.131354775327,1742.7027587890625,6.533775806427002,0.011345365084707737
sdoh_bea_cainc30,fips,regression,svm,76,22386,31,-0.002534151077270508,,40829.04296875,18.00522804260254,2.320512294769287
sdoh_bea_cainc30,fips,regression,elastic_net,77,22386,31,0.9740377068519592,,29483.49609375,1.022084355354309,0.014887896366417408
sdoh_bea_cainc30,fips,regression,bagging,85,22386,31,0.9979639649391174,,26935.9609375,7.231138706207275,0.012285509146749973
sdoh_bea_cainc30,fips,regression,bayesian_ridge,78,22386,31,1.0,0.5895560617733301,0.11863914877176285,0.19059452414512634,0.007306830026209354
sdoh_bea_cainc30,fips,regression,linear,79,22386,31,1.0,6.283228624248848,1.0780949592590332,0.005841995123773813,0.008475862443447113
sdoh_bea_cainc30,fips,regression,stochastic_gradient_descent,80,22386,31,,,,0.07980873435735703,0.003940021153539419
sdoh_bea_cainc30,fips,regression,svm,86,22386,31,-0.0032633543014526367,,1012615.375,19.07378578186035,2.348452091217041
sdoh_bea_cainc30,fips,regression,xgboost,81,22386,31,-4.133176803588867,,411931.0625,0.12054812163114548,0.0011669870000332594
sdoh_bea_cainc30,fips,regression,ada_boost,82,22386,31,0.9845702648162842,,316940.1875,1.2256782054901123,0.005533548071980476
sdoh_bea_cainc30,fips,regression,stochastic_gradient_descent,90,22386,31,,,,0.059953346848487854,0.003922971896827221
sdoh_bea_cainc30,fips,regression,catboost,83,22386,31,0.5674233436584473,,393821.03125,2.2443854808807373,0.017269251868128777
sdoh_bea_cainc30,fips,regression,elastic_net,87,22386,31,0.9996798634529114,,49715.5,1.1319451332092285,0.006744295824319124
sdoh_bea_cainc30,fips,regression,random_forest,94,22386,31,0.9861009120941162,2409.768246118286,301.265869140625,78.00895690917969,0.07928984612226486
sdoh_bea_cainc30,fips,regression,bayesian_ridge,88,22386,31,1.0,24.798228735889587,1.5993753671646118,0.18759280443191528,0.007286138832569122
sdoh_bea_cainc30,fips,regression,catboost,93,22386,31,0.9775354862213135,5995.364876302359,520.2564086914062,2.23022198677063,0.018682032823562622
sdoh_bea_cainc30,fips,regression,linear,89,22386,31,1.0,2.7913743810278464,0.5812233686447144,0.005838822107762098,0.0005457489751279354
sdoh_bea_cainc30,fips,regression,xgboost,91,22386,31,0.2227712869644165,35241.24129482388,1142.3472900390625,0.11929947137832642,0.0011487760348245502
sdoh_bea_cainc30,fips,regression,ada_boost,92,22386,31,0.9957759380340576,3620.8717182468645,1889.554443359375,2.1067070960998535,0.011794047430157661
sdoh_bea_cainc30,fips,regression,bagging,95,22386,31,0.9429439902305603,3790.579902864468,332.506591796875,7.676482677459717,0.011526626534759998
sdoh_bea_cainc30,fips,regression,svm,96,22386,31,-0.00291597843170166,42300.84254480045,2683.200439453125,15.557073593139648,2.3180527687072754
sdoh_bea_cainc30,fips,regression,elastic_net,97,22386,31,0.5645449161529541,2824.820525272358,833.0244750976562,1.1835654973983765,0.014662210829555988
sdoh_bea_cainc30,fips,regression,bayesian_ridge,98,22386,31,1.0,0.010455428641803056,0.0018756486242637038,0.1997273713350296,0.007273227907717228
sdoh_bea_cainc30,fips,regression,linear,99,22386,31,1.0,0.13314304870836574,0.015163984149694443,0.005713969003409147,0.0004645689914468676
sdoh_bea_cainc30,fips,regression,linear,109,22386,31,1.0,36.198272630144245,9.57182502746582,0.005828382913023233,0.008520147763192654
sdoh_bea_cainc30,fips,regression,stochastic_gradient_descent,100,22386,31,,,,0.05299978330731392,0.003981874790042639
sdoh_bea_cainc30,fips,regression,xgboost,101,22386,31,0.9720864295959473,,486536.75,0.1208563819527626,0.0011740300105884671
sdoh_bea_cainc30,fips,regression,ada_boost,102,22386,31,0.9954112768173218,,7908975.5,1.358049988746643,0.005908277817070484
sdoh_bea_cainc30,fips,regression,stochastic_gradient_descent,110,22386,31,,,,0.04486387223005295,0.003965180832892656
sdoh_bea_cainc30,fips,regression,catboost,103,22386,31,0.9282169342041016,,1806155.125,2.2553303241729736,0.017883310094475746
sdoh_bea_cainc30,fips,regression,random_forest,104,22386,31,0.9987412095069885,,337765.53125,67.03746795654297,0.08692523092031479
sdoh_bea_cainc30,fips,regression,bagging,105,22386,31,0.9991636276245117,,187579.5625,6.8649516105651855,0.01227650698274374
medicare,outpatient_charges_2014,regression,xgboost,111,35895,9,0.111117422580719,8260.904066747175,1141.2449951171875,0.06495460867881775,0.003146375995129347
sdoh_bea_cainc30,fips,regression,svm,106,22386,31,-0.01020514965057373,,8115820.5,19.222976684570312,2.3270153999328613
sdoh_bea_cainc30,fips,regression,elastic_net,107,22386,31,0.9997933506965637,,664628.125,0.976869523525238,0.014775021933019161
medicare,outpatient_charges_2014,regression,bagging,115,35895,9,0.3119834065437317,5979.716046770114,996.3572387695312,2.528595209121704,0.017079375684261322
sdoh_bea_cainc30,fips,regression,bayesian_ridge,108,22386,31,1.0,36.852571966511036,4.885899543762207,0.19744375348091125,0.007274257019162178
medicare,outpatient_charges_2014,regression,ada_boost,112,35895,9,-1.358203411102295,9171.368927264894,4082.040283203125,0.6756674647331238,0.0087857935577631
medicare,outpatient_charges_2014,regression,linear,119,35895,9,0.011743128299713135,6288.61065737099,1359.1737060546875,0.0017441740492358804,0.0033810939639806747
medicare,outpatient_charges_2014,regression,catboost,113,35895,9,0.19591683149337769,5082.231596454455,1012.9205322265625,2.1945981979370117,0.01291392371058464
medicare,outpatient_charges_2014,regression,bayesian_ridge,118,35895,9,0.008086562156677246,6013.181188023524,1300.1072998046875,0.10850299894809723,0.010271862149238586
medicare,outpatient_charges_2014,regression,random_forest,114,35895,9,0.1394326090812683,6253.057811982871,1084.120361328125,24.903656005859375,0.12032178044319153
medicare,outpatient_charges_2014,regression,svm,116,35895,9,-0.02425539493560791,4370.541156424453,746.2550659179688,28.178918838500977,3.3740813732147217
medicare,outpatient_charges_2014,regression,elastic_net,117,35895,9,0.04003775119781494,4518.897431896414,1416.314208984375,0.07218290865421295,0.016883455216884613
medicare,outpatient_charges_2014,regression,stochastic_gradient_descent,120,35895,9,,,,0.6733969449996948,0.005961127113550901
medicare,outpatient_charges_2014,regression,xgboost,121,35895,9,0.6951141357421875,1422.8663851535744,748.5422973632812,0.07962357252836227,0.00393650820478797
medicare,outpatient_charges_2014,regression,ada_boost,122,35895,9,-0.7455283403396606,3407.337817123509,2742.51123046875,1.6579887866973877,0.015652097761631012
medicare,outpatient_charges_2014,regression,catboost,123,35895,9,0.7308666706085205,1410.14985905754,709.6915283203125,2.220301628112793,0.011774452403187752
ncaa_basketball,mbb_historical_teams_games,regression,catboost,133,571448,10,0.5961958169937134,8.466716001271768,6.472537040710449,12.350610733032227,0.15589354932308197
medicare,outpatient_charges_2014,regression,random_forest,124,35895,9,0.667873203754425,1490.278749093605,754.8907470703125,21.002981185913086,0.11956847459077835
medicare,outpatient_charges_2014,regression,bagging,125,35895,9,0.633386492729187,1634.2551820324757,823.187255859375,2.2096757888793945,0.017178520560264587
ncaa_basketball,mbb_historical_teams_games,regression,ada_boost,142,571448,10,0.35825181007385254,10.92304359918638,8.764283180236816,17.966392517089844,0.08923935890197754
medicare,outpatient_charges_2014,regression,svm,126,35895,9,-0.16118395328521729,2897.106314928743,1642.26220703125,30.25594139099121,3.305644989013672
medicare,outpatient_charges_2014,regression,elastic_net,127,35895,9,0.586629331111908,1593.9820419314642,903.5072021484375,2.498940944671631,0.018345331773161888
ncaa_basketball,mbb_historical_teams_games,regression,linear,139,571448,10,0.5533158779144287,8.943071242833444,6.8281097412109375,0.03878738731145859,0.01801355555653572
medicare,outpatient_charges_2014,regression,bayesian_ridge,128,35895,9,0.5650590658187866,1726.6780244156696,939.1041259765625,0.05403102561831474,0.016205277293920517
ncaa_basketball,mbb_historical_teams_games,regression,bagging,135,571448,10,0.5416200160980225,9.064911620124272,6.929392337799072,31.255584716796875,0.3465985655784607
medicare,outpatient_charges_2014,regression,linear,129,35895,9,0.5644288063049316,1833.1349513879222,967.743896484375,0.001039162976667285,0.010429063811898232
medicare,outpatient_charges_2014,regression,stochastic_gradient_descent,130,35895,9,,,,0.5019508600234985,0.00436517084017396
ncaa_basketball,mbb_historical_teams_games,regression,xgboost,131,571448,10,0.5493540167808533,8.984238704808575,6.824670314788818,0.8207027316093445,0.013435094617307186
ncaa_basketball,mbb_historical_teams_games,regression,svm,136,571448,10,0.028440475463867188,13.200505356796182,10.3795166015625,17230.056640625,878.071533203125
ncaa_basketball,mbb_historical_teams_games,regression,ada_boost,132,571448,10,0.32831472158432007,10.93545774739309,8.915529251098633,15.932748794555664,0.08248933404684067
ncaa_basketball,mbb_historical_teams_games,regression,stochastic_gradient_descent,140,571448,10,-8.78981251453581e+29,,,2.244844436645508,0.03162455931305885
ncaa_basketball,mbb_historical_teams_games,regression,elastic_net,137,571448,10,0.29723334312438965,11.233077482334087,8.636430740356445,2.964988946914673,0.031672049313783646
ncaa_basketball,mbb_historical_teams_games,regression,bayesian_ridge,138,571448,10,0.5506190061569214,9.029114150554859,6.8738508224487305,0.5492470860481262,0.03806029260158539
ncaa_basketball,mbb_historical_teams_games,regression,svm,146,571448,10,0.019885361194610596,13.53555137861206,10.6213960647583,17302.654296875,856.05615234375
ncaa_basketball,mbb_historical_teams_games,regression,xgboost,141,571448,10,0.5645272731781006,9.011698854686534,6.810505390167236,0.7908218502998352,0.01312880776822567
ncaa_basketball,mbb_historical_teams_games,regression,bagging,145,571448,10,0.5545070767402649,9.122562866830645,6.944966793060303,30.835683822631836,0.3698793351650238
ncaa_basketball,mbb_historical_teams_games,regression,catboost,143,571448,10,0.6066120266914368,8.528684796348658,6.513772964477539,13.231525421142578,0.14782051742076874
ncaa_basketball,mbb_historical_teams_games,regression,elastic_net,147,571448,10,0.29465723037719727,11.41894493667418,8.731095314025879,3.2284364700317383,0.035375792533159256
ncaa_basketball,mbb_historical_teams_games,regression,bayesian_ridge,148,571448,10,0.5582118034362793,9.003817278573433,6.837766170501709,0.5587350130081177,0.03161785379052162
ncaa_basketball,mbb_historical_teams_games,regression,linear,149,571448,10,0.5623925924301147,9.04635339264335,6.8822221755981445,0.03966585546731949,0.003913754131644964
sunroof_solar,solar_potential_by_postal_code,regression,linear,159,11516,29,1.0,0.10423266634614983,0.07271977514028549,0.002423010068014264,0.0005326769896782935
ncaa_basketball,mbb_historical_teams_games,regression,stochastic_gradient_descent,150,571448,10,-3.759197752958286e+30,,,1.3537273406982422,0.02540632151067257
sunroof_solar,solar_potential_by_postal_code,regression,xgboost,151,11516,29,0.9977262020111084,1402.1677859657168,686.0877685546875,0.09030544757843018,0.0007754240068607032
sunroof_solar,solar_potential_by_postal_code,regression,ada_boost,152,11516,29,0.9750996828079224,5456.621482199402,4445.376953125,1.7425341606140137,0.010141621343791485
sunroof_solar,solar_potential_by_postal_code,regression,stochastic_gradient_descent,160,11516,29,,,,0.10200357437133789,0.00851348601281643
sunroof_solar,solar_potential_by_postal_code,regression,catboost,153,11516,29,0.998672604560852,1187.578260579066,429.82171630859375,1.8645004034042358,0.010402865707874298
sunroof_solar,solar_potential_by_postal_code,regression,random_forest,154,11516,29,0.999207079410553,927.029867372136,316.4031677246094,19.962032318115234,0.03122677654027939
noaa_tsunami,historical_runups,regression,elastic_net,167,28295,30,0.6599137783050537,2.7883949656343523,1.0871890783309937,18.15701675415039,0.06340828537940979
sunroof_solar,solar_potential_by_postal_code,regression,bagging,155,11516,29,0.9984084963798523,1255.823235969139,358.7406921386719,2.01934814453125,0.0060740988701581955
noaa_tsunami,historical_runups,regression,xgboost,161,28295,30,0.8489902019500732,1.8454670427098256,0.5572543740272522,0.06432516127824783,0.0015008889604359865
sunroof_solar,solar_potential_by_postal_code,regression,svm,156,11516,29,-0.1086815595626831,31606.23837156203,17506.9609375,4.096927642822266,0.5949790477752686
sunroof_solar,solar_potential_by_postal_code,regression,elastic_net,157,11516,29,0.997127890586853,1786.2533414944253,1088.9674072265625,1327.561279296875,0.025291118770837784
noaa_tsunami,historical_runups,regression,bagging,165,28295,30,0.9171860814094543,1.3915443381874693,0.3120141327381134,0.3941676616668701,0.008611081168055534
sunroof_solar,solar_potential_by_postal_code,regression,bayesian_ridge,158,11516,29,1.0,5.892439261808438,3.6395111083984375,0.13947811722755432,0.0019710450433194637
noaa_tsunami,historical_runups,regression,ada_boost,162,28295,30,0.7497986555099487,2.3148405241774794,0.7054398059844971,0.40123000741004944,0.006879222113639116
noaa_tsunami,historical_runups,regression,catboost,163,28295,30,0.9134753942489624,1.3404088733095938,0.33323124051094055,2.3424172401428223,0.02410522662103176
noaa_tsunami,historical_runups,regression,linear,169,28295,30,0.6273173093795776,2.6038140528689304,1.0380374193191528,0.008170532993972301,0.0008068620227277279
noaa_tsunami,historical_runups,regression,random_forest,164,28295,30,0.9359003901481628,1.1091190633916945,0.2449929118156433,3.313098192214966,0.020171012729406357
noaa_tsunami,historical_runups,regression,svm,166,28295,30,-0.05715489387512207,4.64974480205561,1.4584404230117798,9.445937156677246,1.0374095439910889
noaa_tsunami,historical_runups,regression,bayesian_ridge,168,28295,30,0.605131983757019,2.9439995467558804,1.1655521392822266,0.1561603844165802,0.009375235997140408
noaa_tsunami,historical_runups,regression,stochastic_gradient_descent,170,28295,30,-1.31935022586139e+33,,,0.05189223960042,0.005141925998032093
noaa_tsunami,historical_runups,regression,xgboost,171,28295,30,0.6791039705276489,3.367898038521353,1.6948065757751465,0.07138359546661377,0.0015839419793337584
noaa_tsunami,historical_runups,regression,ada_boost,172,28295,30,-0.48183953762054443,8.264076015658262,6.270656108856201,1.3142297267913818,0.016968119889497757
noaa_tsunami,historical_runups,regression,catboost,173,28295,30,0.530427098274231,5.0496748489097705,1.7758394479751587,2.3116307258605957,0.022126974537968636
sdoh_bea_cainc30,fips,regression,catboost,183,22386,31,0.9786704778671265,2560.9307878191476,1075.4298095703125,2.3057591915130615,0.01954018324613571
noaa_tsunami,historical_runups,regression,random_forest,174,28295,30,0.4903636574745178,4.775520831558217,1.340376615524292,14.913644790649414,0.0858267992734909
noaa_tsunami,historical_runups,regression,bagging,175,28295,30,0.7412784099578857,4.333751340414214,1.3243290185928345,1.7512588500976562,0.015095089562237263
sdoh_bea_cainc30,fips,regression,ada_boost,192,22386,31,0.7862813472747803,4238.235481895738,3412.95361328125,3.85988187789917,0.015077189542353153
noaa_tsunami,historical_runups,regression,svm,176,28295,30,0.019400060176849365,6.5844556922114155,2.9021267890930176,26.416202545166016,3.4578099250793457
sdoh_bea_cainc30,fips,regression,random_forest,184,22386,31,0.9437763094902039,3504.865047330639,1752.847900390625,53.65608596801758,0.0664258673787117
noaa_tsunami,historical_runups,regression,elastic_net,177,28295,30,0.21161246299743652,5.574478624537438,3.151901960372925,12.353049278259277,0.029268303886055946
noaa_tsunami,historical_runups,regression,bayesian_ridge,178,28295,30,0.10212075710296631,7.837603953765716,3.392324209213257,0.14310848712921143,0.017542283982038498
sdoh_bea_cainc30,fips,regression,linear,189,22386,31,0.4320319890975952,10543.337991357386,6389.58349609375,0.005858325865119696,0.0005928649916313589
noaa_tsunami,historical_runups,regression,linear,179,28295,30,0.1151774525642395,5.810126363460179,3.382383108139038,0.007339464034885168,0.0007346770144067705
sdoh_bea_cainc30,fips,regression,bagging,185,22386,31,0.8905949592590332,5035.886416511,2110.005126953125,5.549755573272705,0.012431114912033081
noaa_tsunami,historical_runups,regression,stochastic_gradient_descent,180,28295,30,-1.8828882125185868e+30,,,0.08279146254062653,0.005195727106183767
sdoh_bea_cainc30,fips,regression,xgboost,181,22386,31,0.880315899848938,5171.79871998128,3302.242431640625,0.15054747462272644,0.001178354024887085
sdoh_bea_cainc30,fips,regression,ada_boost,182,22386,31,0.2740027904510498,15581.96958025525,12851.779296875,2.6186649799346924,0.010475719347596169
sdoh_bea_cainc30,fips,regression,svm,186,22386,31,-0.05461835861206055,17021.09561691021,8720.7275390625,15.38401985168457,2.318786144256592
sdoh_bea_cainc30,fips,regression,stochastic_gradient_descent,190,22386,31,,,,0.06437823176383972,0.003993216902017593
sdoh_bea_cainc30,fips,regression,elastic_net,187,22386,31,0.47229546308517456,11899.83193158626,6728.41845703125,1503.421875,0.03797190263867378
sdoh_bea_cainc30,fips,regression,bayesian_ridge,188,22386,31,0.294961154460907,12081.89786416025,6738.53564453125,0.16642531752586365,0.019796736538410187
sdoh_bea_cainc30,fips,regression,random_forest,194,22386,31,0.9650077223777771,1673.440393321495,1116.7005615234375,53.851158142089844,0.0669611394405365
sdoh_bea_cainc30,fips,regression,xgboost,191,22386,31,0.9034064412117004,2757.321163738457,1904.1353759765625,0.15931712090969086,0.0013265559682622552
sdoh_bea_cainc30,fips,regression,catboost,193,22386,31,0.9844024777412415,1097.8318974232805,763.9431762695312,2.32928729057312,0.01790722832083702
sdoh_bea_cainc30,fips,regression,bagging,195,22386,31,0.9506887793540955,2031.6213968158536,1330.4168701171875,5.513035774230957,0.01228801254183054
sdoh_bea_cainc30,fips,regression,svm,196,22386,31,-0.039020538330078125,9433.733937312414,5809.166015625,16.229228973388672,2.3230526447296143
sdoh_bea_cainc30,fips,regression,elastic_net,197,22386,31,0.7271220088005066,4803.2930370736285,2837.555419921875,1483.90625,0.032426029443740845
sdoh_bea_cainc30,fips,regression,elastic_net,207,22386,31,0.9998564124107361,49969.83410018488,13987.0830078125,1455.71142578125,0.03190898895263672
sdoh_bea_cainc30,fips,regression,bayesian_ridge,198,22386,31,0.7228455543518066,4961.04767161131,2905.01123046875,0.15879283845424652,0.007287910208106041
sdoh_bea_cainc30,fips,regression,linear,199,22386,31,0.7685938477516174,4291.203327739202,2676.435791015625,0.005700783804059029,0.0021331519819796085
sdoh_bea_cainc30,fips,regression,stochastic_gradient_descent,200,22386,31,,,,0.04491717368364334,0.0122147211804986
sdoh_bea_cainc30,fips,regression,bayesian_ridge,208,22386,31,1.0,1.268606136415192,0.21540085971355438,0.18587397038936615,0.0072697121649980545
sdoh_bea_cainc30,fips,regression,xgboost,201,22386,31,-12.976688385009766,,63938.46484375,0.12125030905008316,0.0011636989656835794
sdoh_bea_cainc30,fips,regression,ada_boost,202,22386,31,0.9974312782287598,,141716.984375,2.4963839054107666,0.009919362142682076
sdoh_bea_cainc30,fips,regression,catboost,203,22386,31,0.9274917840957642,,38577.6875,2.266730308532715,0.017778117209672928
sdoh_bea_cainc30,fips,regression,linear,209,22386,31,1.0,0.13701488575500484,0.025562575086951256,0.005685688927769661,0.0005929939798079431
sdoh_bea_cainc30,fips,regression,random_forest,204,22386,31,0.9977191686630249,77692.70174218425,3745.112548828125,64.18864440917969,0.0769844502210617
sdoh_bea_cainc30,fips,regression,bagging,205,22386,31,0.9978733658790588,,10945.9345703125,6.482048988342285,0.011721674352884293
sdoh_bea_cainc30,fips,regression,catboost,213,22386,31,0.9986446499824524,67.34000134578258,28.57021141052246,2.3573267459869385,0.018854830414056778
sdoh_bea_cainc30,fips,regression,svm,206,22386,31,-0.013230443000793457,,159308.578125,18.629718780517578,2.317488193511963
sdoh_bea_cainc30,fips,regression,stochastic_gradient_descent,210,22386,31,,,,0.04722676798701286,0.007855699397623539
sdoh_bea_cainc30,fips,regression,elastic_net,217,22386,31,0.9996606707572937,33.40623903765021,9.820052146911621,51.255435943603516,0.022532368078827858
sdoh_bea_cainc30,fips,regression,xgboost,211,22386,31,0.9808288216590881,247.4341137050427,227.8968963623047,0.16304533183574677,0.0012255479814484715
sdoh_bea_cainc30,fips,regression,svm,216,22386,31,0.002443850040435791,1782.7862322780036,1327.159912109375,16.036441802978516,2.3178396224975586
sdoh_bea_cainc30,fips,regression,ada_boost,212,22386,31,0.9626703858375549,337.270465928311,265.2602844238281,5.112723350524902,0.01476350612938404
sdoh_bea_cainc30,fips,regression,random_forest,214,22386,31,0.9990662932395935,54.098217969726136,25.78664779663086,45.61415100097656,0.06302560865879059
sdoh_bea_cainc30,fips,regression,bagging,215,22386,31,0.9992108941078186,50.672171310419486,29.607772827148438,4.57414436340332,0.011176468804478645
sdoh_bea_cainc30,fips,regression,bayesian_ridge,218,22386,31,0.9999998807907104,0.5402918908428685,0.34193578362464905,0.11749094724655151,0.020297862589359283
sdoh_bea_cainc30,fips,regression,linear,219,22386,31,0.9999999403953552,0.5306767287724105,0.3330802023410797,0.0055832089856266975,0.0005374180036596954
sdoh_bea_cainc30,fips,regression,stochastic_gradient_descent,220,22386,31,,,,0.04465632885694504,0.015812061727046967
medicare,outpatient_charges_2014,regression,xgboost,221,35895,9,0.9623498320579529,69.6449246344897,38.61289596557617,0.06593617796897888,0.0031439189333468676
sunroof_solar,solar_potential_by_postal_code,regression,xgboost,231,11516,29,0.996288537979126,3448.825597214217,1923.1688232421875,0.09283407777547836,0.0007487899856641889
medicare,outpatient_charges_2014,regression,ada_boost,222,35895,9,0.5494732856750488,240.25031705234022,206.57107543945312,1.6901295185089111,0.01570179872214794
medicare,outpatient_charges_2014,regression,catboost,223,35895,9,0.9912487268447876,33.57251145491837,16.813879013061523,2.1977763175964355,0.012009459547698498
medicare,outpatient_charges_2014,regression,random_forest,224,35895,9,0.9896159768104553,36.85315163125469,15.43436050415039,22.830089569091797,0.11756681650876999
sunroof_solar,solar_potential_by_postal_code,regression,ada_boost,232,11516,29,0.9636621475219727,11576.427082653783,9592.2333984375,1.7601773738861084,0.010296151041984558
medicare,outpatient_charges_2014,regression,bagging,225,35895,9,0.9840216040611267,46.037118282594804,16.86392593383789,2.2387266159057617,0.016809312626719475
medicare,outpatient_charges_2014,regression,svm,226,35895,9,0.07261806726455688,326.98437462667846,191.74427795410156,31.430349349975586,3.331524133682251
sunroof_solar,solar_potential_by_postal_code,regression,elastic_net,237,11516,29,0.9987917542457581,2028.8560816381234,1103.94873046875,1368.4437255859375,0.017578132450580597
medicare,outpatient_charges_2014,regression,elastic_net,227,35895,9,0.5840708017349243,234.9488142393998,146.8168487548828,38.0830192565918,0.05572175979614258
sunroof_solar,solar_potential_by_postal_code,regression,catboost,233,11516,29,0.9984958171844482,2285.434422598907,962.9610595703125,1.864281415939331,0.00913070235401392
medicare,outpatient_charges_2014,regression,bayesian_ridge,228,35895,9,0.5781434774398804,231.0889303926088,144.61370849609375,0.05635557323694229,0.01822708360850811
medicare,outpatient_charges_2014,regression,linear,229,35895,9,0.5642931461334229,241.4236583529046,152.83663940429688,0.001046192948706448,0.002634652890264988
medicare,outpatient_charges_2014,regression,stochastic_gradient_descent,230,35895,9,,,,0.4961104094982147,0.004852118901908398
sunroof_solar,solar_potential_by_postal_code,regression,stochastic_gradient_descent,240,11516,29,,,,0.1679139882326126,0.002241621958091855
sunroof_solar,solar_potential_by_postal_code,regression,random_forest,234,11516,29,0.9991958737373352,1639.8468678507759,816.4578247070312,19.886701583862305,0.032803069800138474
sunroof_solar,solar_potential_by_postal_code,regression,bayesian_ridge,238,11516,29,1.0,0.07744112507791935,0.049941763281822205,0.14371785521507263,0.003876555012539029
sunroof_solar,solar_potential_by_postal_code,regression,bagging,235,11516,29,0.9984357953071594,2535.1119304677654,1068.2347412109375,2.107919692993164,0.006240068934857845
sunroof_solar,solar_potential_by_postal_code,regression,svm,236,11516,29,-0.06979608535766602,63090.56652146975,43142.65234375,4.075677871704102,0.5877664089202881
sunroof_solar,solar_potential_by_postal_code,regression,linear,239,11516,29,1.0,0.0985182956602799,0.07020626962184906,0.0022618079092353582,0.00047083900426514447
sunroof_solar,solar_potential_by_postal_code,regression,ada_boost,242,11516,29,0.9623239636421204,,21040200.0,1.6853435039520264,0.010295920073986053
sunroof_solar,solar_potential_by_postal_code,regression,xgboost,241,11516,29,0.9947101473808289,,4289034.0,0.09476477652788162,0.0007604429847560823
sunroof_solar,solar_potential_by_postal_code,regression,catboost,243,11516,29,0.991961658000946,,1998413.125,1.8624954223632812,0.009436259046196938
sunroof_solar,solar_potential_by_postal_code,regression,random_forest,244,11516,29,0.9995020031929016,,1348989.125,19.755970001220703,0.0351472869515419
sunroof_solar,solar_potential_by_postal_code,regression,bagging,245,11516,29,0.9994334578514099,,1607582.875,1.9860583543777466,0.006380789913237095
sunroof_solar,solar_potential_by_postal_code,regression,bagging,255,11516,29,0.873390793800354,70.1128624188351,3.0954861640930176,1.6267149448394775,0.004541967064142227
sunroof_solar,solar_potential_by_postal_code,regression,svm,246,11516,29,-0.0988471508026123,,98064536.0,3.4551234245300293,0.5945141315460205
sunroof_solar,solar_potential_by_postal_code,regression,elastic_net,247,11516,29,0.9998773336410522,,806625.3125,275.4146728515625,0.012147062458097935
sunroof_solar,solar_potential_by_postal_code,regression,bayesian_ridge,248,11516,29,1.0,87.33185853756349,24.94362449645996,0.1678875982761383,0.0039102621376514435
sunroof_solar,solar_potential_by_postal_code,regression,svm,256,11516,29,-0.016993165016174316,97.18944933736377,14.947684288024902,3.624136209487915,0.5719469785690308
sunroof_solar,solar_potential_by_postal_code,regression,linear,249,11516,29,1.0,22.98768617804568,16.206092834472656,0.0022566309198737144,0.0005423229886218905
sunroof_solar,solar_potential_by_postal_code,regression,stochastic_gradient_descent,250,11516,29,,,,0.0837613120675087,0.0021977738942950964
sunroof_solar,solar_potential_by_postal_code,regression,xgboost,251,11516,29,0.7252863645553589,40.868524907622984,2.050734758377075,0.0697404220700264,0.000738381000701338
sunroof_solar,solar_potential_by_postal_code,regression,elastic_net,257,11516,29,0.9999767541885376,0.3424805805694511,0.15341299772262573,0.11779988557100296,0.0727044939994812
sunroof_solar,solar_potential_by_postal_code,regression,ada_boost,252,11516,29,0.9438724517822266,19.049588993474703,15.022151947021484,0.7901883721351624,0.006300916895270348
sunroof_solar,solar_potential_by_postal_code,regression,catboost,253,11516,29,0.9588792324066162,13.359122005097127,0.9139789938926697,1.8819048404693604,0.009174480102956295
noaa_tsunami,historical_runups,regression,xgboost,261,28295,30,-5.626684665679932,17.157076233804467,0.5247087478637695,0.06802371144294739,0.0018824590370059013
sunroof_solar,solar_potential_by_postal_code,regression,random_forest,254,11516,29,0.8270439505577087,63.9023570024514,2.032454252243042,16.681734085083008,0.015077073127031326
sunroof_solar,solar_potential_by_postal_code,regression,bayesian_ridge,258,11516,29,1.0,1.7493198914661336e-06,1.0130720511369873e-06,0.07511426508426666,0.03547464311122894
noaa_tsunami,historical_runups,regression,random_forest,264,28295,30,0.7702417373657227,6.32970779781058,0.21794700622558594,3.783121109008789,0.012392704375088215
sunroof_solar,solar_potential_by_postal_code,regression,linear,259,11516,29,1.0,1.762330543161523e-05,6.164941623865161e-06,0.002758757909759879,0.0005821679951623082
sunroof_solar,solar_potential_by_postal_code,regression,stochastic_gradient_descent,260,11516,29,,,,0.1510981023311615,0.010860240086913109
noaa_tsunami,historical_runups,regression,ada_boost,262,28295,30,0.4224194884300232,1.4227296545289616,0.3068854510784149,1.2374814748764038,0.01474375743418932
noaa_tsunami,historical_runups,regression,svm,266,28295,30,-0.0009920597076416016,65.19845755221131,2.2784717082977295,0.5820713639259338,0.06449699401855469
noaa_tsunami,historical_runups,regression,catboost,263,28295,30,0.6152241230010986,13.329412328839803,0.4746323525905609,2.2021617889404297,0.024172816425561905
noaa_tsunami,historical_runups,regression,bagging,265,28295,30,0.723709225654602,2.77534200261992,0.1309540718793869,0.2808399796485901,0.008014610037207603
noaa_tsunami,historical_runups,regression,elastic_net,267,28295,30,0.29587846994400024,5.316042089498018,1.0124046802520752,0.05072417110204697,0.016355043277144432
noaa_tsunami,historical_runups,regression,bayesian_ridge,268,28295,30,-0.5461519956588745,10.75851351712422,1.5600311756134033,0.1693447381258011,0.028755031526088715
noaa_tsunami,historical_runups,regression,linear,269,28295,30,-0.4233229160308838,9.285481217362312,1.3306872844696045,0.014878191985189915,0.0009154090075753629
noaa_tsunami,historical_runups,regression,linear,279,28295,30,0.5573766231536865,7.471502203996608,3.058626174926758,0.007339141797274351,0.001564449048601091
noaa_tsunami,historical_runups,regression,stochastic_gradient_descent,270,28295,30,-6.74678167658606e+30,,,0.13556942343711853,0.007292141206562519
noaa_tsunami,historical_runups,regression,xgboost,271,28295,30,0.7858405113220215,4.8262615867066625,1.3407084941864014,0.08534682542085648,0.0020362280774861574
noaa_tsunami,historical_runups,regression,random_forest,284,28295,30,-748.755615234375,397.51513335972504,8.23520565032959,5.590080261230469,0.013851538300514221
noaa_tsunami,historical_runups,regression,ada_boost,272,28295,30,0.6991405487060547,6.045389155505533,2.7435073852539062,1.1872040033340454,0.010742884129285812
noaa_tsunami,historical_runups,regression,stochastic_gradient_descent,280,28295,30,-1.5613582818555298e+31,,,0.08612968027591705,0.0063599348068237305
noaa_tsunami,historical_runups,regression,catboost,273,28295,30,0.8496394157409668,4.305951218558618,1.2118014097213745,2.2868831157684326,0.02292468026280403
noaa_tsunami,historical_runups,regression,random_forest,274,28295,30,0.8719961047172546,3.8244607632579664,0.932296872138977,7.535743713378906,0.021921593695878983
noaa_tsunami,historical_runups,regression,bagging,275,28295,30,0.8450617790222168,4.528660948780961,1.1715902090072632,0.8148061633110046,0.008377463556826115
noaa_tsunami,historical_runups,regression,xgboost,281,28295,30,0.6280690431594849,34.366705320270555,1.0015238523483276,0.06892476230859756,0.0020586398895829916
noaa_tsunami,historical_runups,regression,svm,276,28295,30,-0.08734846115112305,12.126800088873726,3.7058379650115967,7.912398338317871,0.9216763973236084
noaa_tsunami,historical_runups,regression,elastic_net,277,28295,30,0.5653625726699829,7.215051537512732,2.9418723583221436,0.06162048503756523,0.01665670983493328
noaa_tsunami,historical_runups,regression,elastic_net,287,28295,30,-43333.46484375,17657.05932481397,341.5790100097656,0.07937246561050415,0.03188314661383629
noaa_tsunami,historical_runups,regression,bayesian_ridge,278,28295,30,0.5792666673660278,7.623257547370738,3.1825716495513916,0.15775644779205322,0.028779875487089157
noaa_tsunami,historical_runups,regression,bagging,285,28295,30,-0.09713530540466309,30.42723333332021,1.193038821220398,0.5375098586082458,0.0072695668786764145
noaa_tsunami,historical_runups,regression,ada_boost,282,28295,30,0.05074959993362427,1455.0100515116726,38.050785064697266,0.9510866403579712,0.0118356728926301
noaa_tsunami,historical_runups,regression,catboost,283,28295,30,0.05627799034118652,706.2663493682819,14.942118644714355,2.2237956523895264,0.022560346871614456
noaa_tsunami,historical_runups,regression,linear,289,28295,30,-4.239299297332764,93.35019960142024,15.830069541931152,0.011741899885237217,0.001914532040245831
noaa_tsunami,historical_runups,regression,svm,286,28295,30,-0.0014683008193969727,16.84049840339084,0.8435664772987366,0.6333279013633728,0.06837839633226395
noaa_tsunami,historical_runups,regression,bayesian_ridge,288,28295,30,0.037860333919525146,1281.8939113670835,29.01200294494629,0.158572256565094,0.009093089960515499
noaa_tsunami,historical_runups,regression,stochastic_gradient_descent,290,28295,30,-4.809607481274179e+28,,,0.08965063095092773,0.004867867100983858
sdoh_bea_cainc30,fips,regression,xgboost,291,22386,31,0.9781832695007324,285.4593337937998,262.5316467285156,0.1595722734928131,0.001250913948751986
sdoh_bea_cainc30,fips,regression,ada_boost,292,22386,31,0.9558591246604919,397.8029702314954,305.2875671386719,5.084577560424805,0.014578602276742458
sdoh_bea_cainc30,fips,regression,catboost,293,22386,31,0.9982147812843323,81.02686307060455,27.082706451416016,2.245847702026367,0.018290160223841667
sdoh_bea_cainc30,fips,regression,catboost,303,22386,31,0.9459081888198853,,24317.064453125,2.3259663581848145,0.018838420510292053
sdoh_bea_cainc30,fips,regression,random_forest,294,22386,31,0.9992569088935852,52.99833935709094,26.987930297851562,45.666595458984375,0.0661877691745758
sdoh_bea_cainc30,fips,regression,bagging,295,22386,31,0.9987190961837769,68.8943158599641,33.36283874511719,4.577828407287598,0.011565162800252438
sdoh_bea_cainc30,fips,regression,svm,296,22386,31,-5.2094459533691406e-05,1999.4312316256342,1487.9935302734375,16.062841415405273,2.3229124546051025
sdoh_bea_cainc30,fips,regression,random_forest,304,22386,31,0.9995012283325195,,10576.2001953125,66.43689727783203,0.06500588357448578
sdoh_bea_cainc30,fips,regression,elastic_net,297,22386,31,0.999861478805542,23.2117552868389,7.185369968414307,0.06807516515254974,0.01459378283470869
sdoh_bea_cainc30,fips,regression,bayesian_ridge,298,22386,31,0.9999999403953552,0.4277347582114258,0.2800508737564087,0.12910349667072296,0.019402040168642998
sdoh_bea_cainc30,fips,regression,linear,299,22386,31,0.9999999403953552,0.43136444577305516,0.2868557572364807,0.00895456038415432,0.008627700619399548
sdoh_bea_cainc30,fips,regression,bagging,305,22386,31,0.9978391528129578,,13903.9677734375,6.805777072906494,0.011417187750339508
sdoh_bea_cainc30,fips,regression,stochastic_gradient_descent,300,22386,31,,,,0.07519861310720444,0.005156429950147867
sdoh_bea_cainc30,fips,regression,xgboost,301,22386,31,0.9669610261917114,,35730.13671875,0.12219952046871185,0.0011522950371727347
sdoh_bea_cainc30,fips,regression,linear,309,22386,31,1.0,4.332016940561917,0.7782712578773499,0.0060410029254853725,0.000431460008258
sdoh_bea_cainc30,fips,regression,ada_boost,302,22386,31,0.9975752830505371,,112037.6015625,1.2820547819137573,0.0061739650554955006
sdoh_bea_cainc30,fips,regression,svm,306,22386,31,-0.009873270988464355,,213988.640625,17.912141799926758,2.319772243499756
sdoh_bea_cainc30,fips,regression,ada_boost,312,22386,31,0.9969430565834045,,8541798.0,1.7384679317474365,0.007568406872451305
sdoh_bea_cainc30,fips,regression,elastic_net,307,22386,31,0.9992489814758301,,37421.20703125,1.0363044738769531,0.06724890321493149
sdoh_bea_cainc30,fips,regression,bayesian_ridge,308,22386,31,1.0,3.8527947673378704,0.35779500007629395,0.1918743997812271,0.006631474010646343
sdoh_bea_cainc30,fips,regression,stochastic_gradient_descent,310,22386,31,,,,0.07878684252500534,0.0039895279332995415
sdoh_bea_cainc30,fips,regression,random_forest,314,22386,31,0.9981452226638794,,613166.0625,66.63927459716797,0.06640744209289551
sdoh_bea_cainc30,fips,regression,xgboost,311,22386,31,0.43379467725753784,,9095106.0,0.11985756456851959,0.001142745022661984
sdoh_bea_cainc30,fips,regression,catboost,313,22386,31,0.956936240196228,,3644120.0,2.29990291595459,0.018876172602176666
sdoh_bea_cainc30,fips,regression,bagging,315,22386,31,0.995843768119812,,727559.1875,6.66660213470459,0.011533072218298912
sdoh_bea_cainc30,fips,regression,svm,316,22386,31,-0.009668469429016113,,8948983.0,19.101451873779297,2.3165760040283203
sdoh_bea_cainc30,fips,regression,elastic_net,317,22386,31,0.9997456669807434,,572191.125,0.9916877150535583,0.01469682902097702
sdoh_bea_cainc30,fips,regression,bayesian_ridge,318,22386,31,1.0,61.604025097416525,14.679272651672363,0.22123436629772186,0.006949290167540312
sdoh_bea_cainc30,fips,regression,linear,319,22386,31,1.0,17.114965910146264,2.465381145477295,0.005688811186701059,0.0005195710109546781
sdoh_bea_cainc30,fips,regression,stochastic_gradient_descent,320,22386,31,,,,0.06101704761385918,0.003965210169553757
